{
	"credit": "Made with Blockbench",
	"texture_size": [32, 32],
	"textures": {
		"1": "item/tank_turret_red"
	},
	"elements": [
		{
			"from": [5, 4, 6],
			"to": [11, 7, 11],
			"rotation": {"angle": 0, "axis": "y", "origin": [6, 4, 7]},
			"faces": {
				"north": {"uv": [3, 0, 6, 1.5], "texture": "#1"},
				"east": {"uv": [3, 3, 5.5, 4.5], "texture": "#1"},
				"south": {"uv": [3, 1.5, 6, 3], "texture": "#1"},
				"west": {"uv": [3, 4.5, 5.5, 6], "texture": "#1"},
				"up": {"uv": [3, 2.5, 0, 0], "texture": "#1"},
				"down": {"uv": [3, 2.5, 0, 5], "texture": "#1"}
			}
		},
		{
			"from": [6.5, 4, 5],
			"to": [9.5, 7, 6],
			"rotation": {"angle": 0, "axis": "y", "origin": [8, 4, 6]},
			"faces": {
				"north": {"uv": [0, 5, 1.5, 6.5], "texture": "#1"},
				"east": {"uv": [6, 7, 6.5, 8.5], "texture": "#1"},
				"south": {"uv": [1.5, 5, 3, 6.5], "texture": "#1"},
				"west": {"uv": [7, 6, 7.5, 7.5], "texture": "#1"},
				"up": {"uv": [1.5, 8, 0, 7.5], "texture": "#1"},
				"down": {"uv": [3, 7.5, 1.5, 8], "texture": "#1"}
			}
		},
		{
			"from": [4.5, 4.01, 5],
			"to": [6.5, 7.01, 6],
			"rotation": {"angle": 22.5, "axis": "y", "origin": [6.5, 7, 5]},
			"faces": {
				"north": {"uv": [5.5, 3, 6.5, 4.5], "texture": "#1"},
				"east": {"uv": [6.5, 7, 7, 8.5], "texture": "#1"},
				"south": {"uv": [5.5, 4.5, 6.5, 6], "texture": "#1"},
				"west": {"uv": [7.5, 3, 8, 4.5], "texture": "#1"},
				"up": {"uv": [8, 8, 7, 7.5], "texture": "#1"},
				"down": {"uv": [1, 8, 0, 8.5], "texture": "#1"}
			}
		},
		{
			"from": [9.5, 4.01, 5],
			"to": [11.5, 7.01, 6],
			"rotation": {"angle": -22.5, "axis": "y", "origin": [9.5, 7, 5]},
			"faces": {
				"north": {"uv": [6, 0, 7, 1.5], "texture": "#1"},
				"east": {"uv": [7.5, 4.5, 8, 6], "texture": "#1"},
				"south": {"uv": [6, 1.5, 7, 3], "texture": "#1"},
				"west": {"uv": [7.5, 6, 8, 7.5], "texture": "#1"},
				"up": {"uv": [9, 0.5, 8, 0], "texture": "#1"},
				"down": {"uv": [9, 0.5, 8, 1], "texture": "#1"}
			}
		},
		{
			"from": [7, 4.5, 3],
			"to": [9, 6.5, 5],
			"rotation": {"angle": 0, "axis": "y", "origin": [8, 4, 4]},
			"faces": {
				"north": {"uv": [4, 6, 5, 7], "texture": "#1"},
				"east": {"uv": [5, 6, 6, 7], "texture": "#1"},
				"south": {"uv": [6, 6, 7, 7], "texture": "#1"},
				"west": {"uv": [0, 6.5, 1, 7.5], "texture": "#1"},
				"up": {"uv": [2, 7.5, 1, 6.5], "texture": "#1"},
				"down": {"uv": [3, 6.5, 2, 7.5], "texture": "#1"}
			}
		},
		{
			"from": [6, 6.2, 8],
			"to": [8, 7.2, 10],
			"rotation": {"angle": 0, "axis": "y", "origin": [7, 6, 9]},
			"faces": {
				"north": {"uv": [1, 8, 2, 8.5], "texture": "#1"},
				"east": {"uv": [8, 1, 9, 1.5], "texture": "#1"},
				"south": {"uv": [8, 1.5, 9, 2], "texture": "#1"},
				"west": {"uv": [2, 8, 3, 8.5], "texture": "#1"},
				"up": {"uv": [7.5, 4, 6.5, 3], "texture": "#1"},
				"down": {"uv": [7.5, 4, 6.5, 5], "texture": "#1"}
			}
		},
		{
			"from": [6.8, 4.3, 0.8],
			"to": [9.2, 6.7, 3.2],
			"rotation": {"angle": 0, "axis": "y", "origin": [8, 4, 2]},
			"faces": {
				"north": {"uv": [6.5, 5, 7.5, 6], "texture": "#1"},
				"east": {"uv": [7, 0, 8, 1], "texture": "#1"},
				"south": {"uv": [7, 1, 8, 2], "texture": "#1"},
				"west": {"uv": [7, 2, 8, 3], "texture": "#1"},
				"up": {"uv": [5, 8, 4, 7], "texture": "#1"},
				"down": {"uv": [6, 7, 5, 8], "texture": "#1"}
			}
		},
		{
			"from": [6.79, 4.79, 1.29],
			"to": [9.21, 6.21, 2.71],
			"rotation": {"angle": -45, "axis": "x", "origin": [8, 5.5, 2]},
			"faces": {
				"north": {"uv": [8, 2, 9, 2.5], "texture": "#1"},
				"east": {"uv": [8, 3.5, 8.5, 4], "texture": "#1"},
				"south": {"uv": [8, 2.5, 9, 3], "texture": "#1"},
				"west": {"uv": [4, 8, 4.5, 8.5], "texture": "#1"},
				"up": {"uv": [4, 8.5, 3, 8], "texture": "#1"},
				"down": {"uv": [9, 3, 8, 3.5], "texture": "#1"}
			}
		},
		{
			"from": [10, 7, 9],
			"to": [10, 11, 10],
			"rotation": {"angle": 22.5, "axis": "x", "origin": [10, 7, 9]},
			"faces": {
				"north": {"uv": [0, 0, 0, 2], "texture": "#1"},
				"east": {"uv": [3, 6, 3.5, 8], "texture": "#1"},
				"south": {"uv": [0, 0, 0, 2], "texture": "#1"},
				"west": {"uv": [3.5, 6, 4, 8], "texture": "#1"},
				"up": {"uv": [0, 0.5, 0, 0], "texture": "#1"},
				"down": {"uv": [0, 0, 0, 0.5], "texture": "#1"}
			}
		}
	],
	"groups": [
		{
			"name": "TurretRoot",
			"origin": [8, 4, 8],
			"color": 0,
			"children": [0, 1, 2, 3, 4, 5, 6, 7, 8]
		}
	]
}