{
	"credit": "Made with Blockbench",
	"texture_size": [32, 32],
	"textures": {
		"2": "item/tank_deathray_red"
	},
	"elements": [
		{
			"from": [5, 4, 5],
			"to": [11, 8, 11],
			"rotation": {"angle": 0, "axis": "y", "origin": [6, 4, 6]},
			"faces": {
				"north": {"uv": [3, 5, 6, 7], "texture": "#2"},
				"east": {"uv": [5.5, 0, 8.5, 2], "texture": "#2"},
				"south": {"uv": [5.5, 2, 8.5, 4], "texture": "#2"},
				"west": {"uv": [0, 6, 3, 8], "texture": "#2"},
				"up": {"uv": [3, 3, 0, 0], "texture": "#2"},
				"down": {"uv": [3, 3, 0, 6], "texture": "#2"}
			}
		},
		{
			"from": [6, 8, 5],
			"to": [10, 9, 8],
			"rotation": {"angle": 0, "axis": "y", "origin": [6, 8, 5]},
			"faces": {
				"north": {"uv": [3, 9.5, 5, 10], "texture": "#2"},
				"east": {"uv": [10, 7, 11.5, 7.5], "texture": "#2"},
				"south": {"uv": [9.5, 3, 11.5, 3.5], "texture": "#2"},
				"west": {"uv": [10, 7.5, 11.5, 8], "texture": "#2"},
				"up": {"uv": [10, 5.5, 8, 4], "texture": "#2"},
				"down": {"uv": [10, 5.5, 8, 7], "texture": "#2"}
			}
		},
		{
			"from": [7, 5.5, 1],
			"to": [9, 7.5, 5],
			"rotation": {"angle": 45, "axis": "z", "origin": [8, 6.5, 1]},
			"faces": {
				"north": {"uv": [5, 9.5, 6, 10.5], "texture": "#2"},
				"east": {"uv": [8.5, 0, 10.5, 1], "texture": "#2"},
				"south": {"uv": [6, 9.5, 7, 10.5], "texture": "#2"},
				"west": {"uv": [8.5, 1, 10.5, 2], "texture": "#2"},
				"up": {"uv": [9.5, 4, 8.5, 2], "texture": "#2"},
				"down": {"uv": [8.5, 8.5, 7.5, 10.5], "texture": "#2"}
			}
		},
		{
			"from": [5.5, 4, 3.5],
			"to": [10.5, 9, 4.5],
			"rotation": {"angle": 0, "axis": "y", "origin": [5, 4, 3]},
			"faces": {
				"north": {"uv": [3, 0, 5.5, 2.5], "texture": "#2"},
				"east": {"uv": [8.5, 8.5, 9, 11], "texture": "#2"},
				"south": {"uv": [3, 2.5, 5.5, 5], "texture": "#2"},
				"west": {"uv": [9, 8.5, 9.5, 11], "texture": "#2"},
				"up": {"uv": [12, 2.5, 9.5, 2], "texture": "#2"},
				"down": {"uv": [12, 2.5, 9.5, 3], "texture": "#2"}
			}
		},
		{
			"from": [6, 4.5, 2],
			"to": [10, 8.5, 3],
			"rotation": {"angle": 0, "axis": "y", "origin": [7, 4, 2]},
			"faces": {
				"north": {"uv": [6, 4, 8, 6], "texture": "#2"},
				"east": {"uv": [7, 9.5, 7.5, 11.5], "texture": "#2"},
				"south": {"uv": [6, 6, 8, 8], "texture": "#2"},
				"west": {"uv": [9.5, 7, 10, 9], "texture": "#2"},
				"up": {"uv": [11.5, 4, 9.5, 3.5], "texture": "#2"},
				"down": {"uv": [11.5, 9, 9.5, 9.5], "texture": "#2"}
			}
		},
		{
			"from": [6.6, 5.1, -1.2],
			"to": [9.4, 7.9, 1.6],
			"rotation": {"angle": 45, "axis": "z", "origin": [8, 6.5, -1]},
			"faces": {
				"north": {"uv": [9.5, 9.5, 10.5, 10.5], "texture": "#2"},
				"east": {"uv": [3, 10, 4, 11], "texture": "#2"},
				"south": {"uv": [4, 10, 5, 11], "texture": "#2"},
				"west": {"uv": [10, 4, 11, 5], "texture": "#2"},
				"up": {"uv": [11, 6, 10, 5], "texture": "#2"},
				"down": {"uv": [11, 6, 10, 7], "texture": "#2"}
			}
		},
		{
			"from": [6.5, 5, 9],
			"to": [9.5, 10, 12],
			"rotation": {"angle": 0, "axis": "x", "origin": [6, 5, 9]},
			"faces": {
				"north": {"uv": [3, 7, 4.5, 9.5], "texture": "#2"},
				"east": {"uv": [4.5, 7, 6, 9.5], "texture": "#2"},
				"south": {"uv": [0, 8, 1.5, 10.5], "texture": "#2"},
				"west": {"uv": [1.5, 8, 3, 10.5], "texture": "#2"},
				"up": {"uv": [7.5, 9.5, 6, 8], "texture": "#2"},
				"down": {"uv": [9.5, 7, 8, 8.5], "texture": "#2"}
			}
		}
	],
	"groups": [
		{
			"name": "TurretRoot",
			"origin": [8, 4, 8],
			"color": 0,
			"children": [0, 1, 2, 3, 4, 5, 6]
		},
		7
	]
}