{
	"credit": "Made with Blockbench",
	"texture_size": [32, 32],
	"textures": {
		"2": "item/tank_lgmissle_red"
	},
	"elements": [
		{
			"from": [5, 4, 5],
			"to": [11, 7, 11],
			"rotation": {"angle": 0, "axis": "y", "origin": [6, 4, 7]},
			"faces": {
				"north": {"uv": [0, 6, 3, 7.5], "texture": "#2"},
				"east": {"uv": [6, 3, 9, 4.5], "texture": "#2"},
				"south": {"uv": [6, 4.5, 9, 6], "texture": "#2"},
				"west": {"uv": [6, 6, 9, 7.5], "texture": "#2"},
				"up": {"uv": [3, 3, 0, 0], "texture": "#2"},
				"down": {"uv": [3, 3, 0, 6], "texture": "#2"}
			}
		},
		{
			"from": [6.5, 4.5, 4],
			"to": [9.5, 7.5, 12],
			"rotation": {"angle": 0, "axis": "y", "origin": [7, 3, 5]},
			"faces": {
				"north": {"uv": [0, 7.5, 1.5, 9], "texture": "#2"},
				"east": {"uv": [3, 0, 7, 1.5], "texture": "#2"},
				"south": {"uv": [1.5, 7.5, 3, 9], "texture": "#2"},
				"west": {"uv": [3, 1.5, 7, 3], "texture": "#2"},
				"up": {"uv": [4.5, 7, 3, 3], "texture": "#2"},
				"down": {"uv": [6, 3, 4.5, 7], "texture": "#2"}
			}
		},
		{
			"from": [6, 7, 9],
			"to": [6, 11, 10],
			"rotation": {"angle": 22.5, "axis": "x", "origin": [6, 6, 9]},
			"faces": {
				"north": {"uv": [0, 0, 0, 2], "texture": "#2"},
				"east": {"uv": [5, 7, 5.5, 9], "texture": "#2"},
				"south": {"uv": [0, 0, 0, 2], "texture": "#2"},
				"west": {"uv": [5.5, 7, 6, 9], "texture": "#2"},
				"up": {"uv": [0, 0.5, 0, 0], "texture": "#2"},
				"down": {"uv": [0, 0, 0, 0.5], "texture": "#2"}
			}
		},
		{
			"from": [8, 7, 5],
			"to": [10, 9, 10],
			"rotation": {"angle": 0, "axis": "y", "origin": [8, 7, 5]},
			"faces": {
				"north": {"uv": [7, 2, 8, 3], "texture": "#2"},
				"east": {"uv": [7, 0, 9.5, 1], "texture": "#2"},
				"south": {"uv": [6, 7.5, 7, 8.5], "texture": "#2"},
				"west": {"uv": [7, 1, 9.5, 2], "texture": "#2"},
				"up": {"uv": [4, 9.5, 3, 7], "texture": "#2"},
				"down": {"uv": [5, 7, 4, 9.5], "texture": "#2"}
			}
		},
		{
			"from": [7.15, 5.15, 3.15],
			"to": [8.85, 6.85, 4.85],
			"rotation": {"angle": 45, "axis": "x", "origin": [7, 6, 4]},
			"faces": {
				"north": {"uv": [7, 7.5, 8, 8.5], "texture": "#2"},
				"east": {"uv": [8, 2, 9, 3], "texture": "#2"},
				"south": {"uv": [8, 7.5, 9, 8.5], "texture": "#2"},
				"west": {"uv": [6, 8.5, 7, 9.5], "texture": "#2"},
				"up": {"uv": [8, 9.5, 7, 8.5], "texture": "#2"},
				"down": {"uv": [9, 8.5, 8, 9.5], "texture": "#2"}
			}
		}
	],
	"groups": [
		{
			"name": "TurretRoot",
			"origin": [8, 4, 8],
			"color": 0,
			"children": [0, 1, 2, 3, 4]
		}
	]
}