{
	"credit": "Made with Blockbench",
	"textures": {
		"1": "item/tank_turret_blue"
	},
	"elements": [
		{
			"from": [5, 4, 6],
			"to": [11, 8, 11],
			"rotation": {"angle": 0, "axis": "y", "origin": [6, 4, 7]},
			"faces": {
				"north": {"uv": [3, 0, 6, 2], "texture": "#1"},
				"east": {"uv": [3, 4, 5.5, 6], "texture": "#1"},
				"south": {"uv": [3, 2, 6, 4], "texture": "#1"},
				"west": {"uv": [0, 5, 2.5, 7], "texture": "#1"},
				"up": {"uv": [3, 2.5, 0, 0], "texture": "#1"},
				"down": {"uv": [3, 2.5, 0, 5], "texture": "#1"}
			}
		},
		{
			"from": [6.5, 4, 5],
			"to": [9.5, 8, 6],
			"rotation": {"angle": 0, "axis": "y", "origin": [8, 4, 6]},
			"faces": {
				"north": {"uv": [5.5, 4, 7, 6], "texture": "#1"},
				"east": {"uv": [5.5, 6, 6, 8], "texture": "#1"},
				"south": {"uv": [6, 0, 7.5, 2], "texture": "#1"},
				"west": {"uv": [6, 6, 6.5, 8], "texture": "#1"},
				"up": {"uv": [6.5, 8.5, 5, 8], "texture": "#1"},
				"down": {"uv": [9.5, 6, 8, 6.5], "texture": "#1"}
			}
		},
		{
			"from": [4.5, 4.01, 5],
			"to": [6.5, 8.01, 6],
			"rotation": {"angle": 22.5, "axis": "y", "origin": [6.5, 7, 5]},
			"faces": {
				"north": {"uv": [6, 2, 7, 4], "texture": "#1"},
				"east": {"uv": [6.5, 6, 7, 8], "texture": "#1"},
				"south": {"uv": [2.5, 6, 3.5, 8], "texture": "#1"},
				"west": {"uv": [0, 7, 0.5, 9], "texture": "#1"},
				"up": {"uv": [7.5, 8.5, 6.5, 8], "texture": "#1"},
				"down": {"uv": [9, 6.5, 8, 7], "texture": "#1"}
			}
		},
		{
			"from": [9.5, 4.01, 5],
			"to": [11.5, 8.01, 6],
			"rotation": {"angle": -22.5, "axis": "y", "origin": [9.5, 7, 5]},
			"faces": {
				"north": {"uv": [3.5, 6, 4.5, 8], "texture": "#1"},
				"east": {"uv": [0.5, 7, 1, 9], "texture": "#1"},
				"south": {"uv": [4.5, 6, 5.5, 8], "texture": "#1"},
				"west": {"uv": [1, 7, 1.5, 9], "texture": "#1"},
				"up": {"uv": [9, 7.5, 8, 7], "texture": "#1"},
				"down": {"uv": [8.5, 8, 7.5, 8.5], "texture": "#1"}
			}
		},
		{
			"from": [6, 7.2, 8],
			"to": [8, 8.2, 10],
			"rotation": {"angle": 0, "axis": "y", "origin": [7, 6, 9]},
			"faces": {
				"north": {"uv": [8, 7.5, 9, 8], "texture": "#1"},
				"east": {"uv": [8.5, 0, 9.5, 0.5], "texture": "#1"},
				"south": {"uv": [8.5, 0.5, 9.5, 1], "texture": "#1"},
				"west": {"uv": [8.5, 1, 9.5, 1.5], "texture": "#1"},
				"up": {"uv": [8, 8, 7, 7], "texture": "#1"},
				"down": {"uv": [8.5, 0, 7.5, 1], "texture": "#1"}
			}
		},
		{
			"from": [7, 5, 3],
			"to": [9, 7, 5],
			"rotation": {"angle": 0, "axis": "y", "origin": [8, 4, 4]},
			"faces": {
				"north": {"uv": [1.5, 7, 2.5, 8], "texture": "#1"},
				"east": {"uv": [7, 2, 8, 3], "texture": "#1"},
				"south": {"uv": [7, 3, 8, 4], "texture": "#1"},
				"west": {"uv": [7, 4, 8, 5], "texture": "#1"},
				"up": {"uv": [8, 6, 7, 5], "texture": "#1"},
				"down": {"uv": [8, 6, 7, 7], "texture": "#1"}
			}
		},
		{
			"from": [6.8, 4.8, 0.8],
			"to": [9.2, 7.2, 3.2],
			"rotation": {"angle": 0, "axis": "y", "origin": [8, 4, 2]},
			"faces": {
				"north": {"uv": [7.5, 1, 8.5, 2], "texture": "#1"},
				"east": {"uv": [1.5, 8, 2.5, 9], "texture": "#1"},
				"south": {"uv": [8, 2, 9, 3], "texture": "#1"},
				"west": {"uv": [2.5, 8, 3.5, 9], "texture": "#1"},
				"up": {"uv": [9, 4, 8, 3], "texture": "#1"},
				"down": {"uv": [4.5, 8, 3.5, 9], "texture": "#1"}
			}
		},
		{
			"from": [6.79, 5.44, 0.99],
			"to": [9.21, 6.86, 2.41],
			"rotation": {"angle": -45, "axis": "x", "origin": [8, 6.5, 2]},
			"faces": {
				"north": {"uv": [8.5, 1.5, 9.5, 2], "texture": "#1"},
				"east": {"uv": [2.5, 5, 3, 5.5], "texture": "#1"},
				"south": {"uv": [8.5, 4, 9.5, 4.5], "texture": "#1"},
				"west": {"uv": [2.5, 5.5, 3, 6], "texture": "#1"},
				"up": {"uv": [9.5, 5, 8.5, 4.5], "texture": "#1"},
				"down": {"uv": [6, 8.5, 5, 9], "texture": "#1"}
			}
		},
		{
			"from": [9, 5, 4],
			"to": [11, 7, 6],
			"rotation": {"angle": -22.5, "axis": "y", "origin": [10, 4, 6]},
			"faces": {
				"north": {"uv": [1.5, 7, 2.5, 8], "texture": "#1"},
				"east": {"uv": [7, 2, 8, 3], "texture": "#1"},
				"south": {"uv": [7, 3, 8, 4], "texture": "#1"},
				"west": {"uv": [7, 4, 8, 5], "texture": "#1"},
				"up": {"uv": [8, 6, 7, 5], "texture": "#1"},
				"down": {"uv": [8, 6, 7, 7], "texture": "#1"}
			}
		},
		{
			"from": [8.8, 4.8, 1.8],
			"to": [11.2, 7.2, 4.2],
			"rotation": {"angle": -22.5, "axis": "y", "origin": [10, 4, 6]},
			"faces": {
				"north": {"uv": [7.5, 1, 8.5, 2], "texture": "#1"},
				"east": {"uv": [1.5, 8, 2.5, 9], "texture": "#1"},
				"south": {"uv": [8, 2, 9, 3], "texture": "#1"},
				"west": {"uv": [2.5, 8, 3.5, 9], "texture": "#1"},
				"up": {"uv": [9, 4, 8, 3], "texture": "#1"},
				"down": {"uv": [4.5, 8, 3.5, 9], "texture": "#1"}
			}
		},
		{
			"from": [5, 5, 4],
			"to": [7, 7, 6],
			"rotation": {"angle": 22.5, "axis": "y", "origin": [6, 4, 6]},
			"faces": {
				"north": {"uv": [1.5, 7, 2.5, 8], "texture": "#1"},
				"east": {"uv": [7, 2, 8, 3], "texture": "#1"},
				"south": {"uv": [7, 3, 8, 4], "texture": "#1"},
				"west": {"uv": [7, 4, 8, 5], "texture": "#1"},
				"up": {"uv": [8, 6, 7, 5], "texture": "#1"},
				"down": {"uv": [8, 6, 7, 7], "texture": "#1"}
			}
		},
		{
			"from": [4.8, 4.8, 1.8],
			"to": [7.2, 7.2, 4.2],
			"rotation": {"angle": 22.5, "axis": "y", "origin": [6, 4, 6]},
			"faces": {
				"north": {"uv": [7.5, 1, 8.5, 2], "texture": "#1"},
				"east": {"uv": [1.5, 8, 2.5, 9], "texture": "#1"},
				"south": {"uv": [8, 2, 9, 3], "texture": "#1"},
				"west": {"uv": [2.5, 8, 3.5, 9], "texture": "#1"},
				"up": {"uv": [9, 4, 8, 3], "texture": "#1"},
				"down": {"uv": [4.5, 8, 3.5, 9], "texture": "#1"}
			}
		},
		{
			"from": [10, 8, 9],
			"to": [10, 12, 10],
			"rotation": {"angle": 22.5, "axis": "x", "origin": [10, 7, 9]},
			"faces": {
				"north": {"uv": [0, 0, 0, 2], "texture": "#1"},
				"east": {"uv": [8, 4, 8.5, 6], "texture": "#1"},
				"south": {"uv": [0, 0, 0, 2], "texture": "#1"},
				"west": {"uv": [4.5, 8, 5, 10], "texture": "#1"},
				"up": {"uv": [0, 0.5, 0, 0], "texture": "#1"},
				"down": {"uv": [0, 0, 0, 0.5], "texture": "#1"}
			}
		}
	],
	"groups": [
		{
			"name": "tank_turret_red",
			"origin": [8, 8, 8],
			"color": 0,
			"children": [
				{
					"name": "TurretRoot",
					"origin": [8, 4, 8],
					"color": 0,
					"children": [
						0,
						1,
						2,
						3,
						4,
						{
							"name": "CannonGroup1",
							"origin": [8, 4, 2],
							"color": 0,
							"children": [5, 6, 7]
						},
						{
							"name": "CannonGroup2",
							"origin": [8, 4, 2],
							"color": 0,
							"children": [8, 9]
						},
						{
							"name": "CannonGroup3",
							"origin": [8, 4, 2],
							"color": 0,
							"children": [10, 11]
						},
						12
					]
				}
			]
		}
	]
}