{
	"credit": "Made with Blockbench",
	"texture_size": [32, 32],
	"textures": {
		"2": "item/tank_deflector_blue"
	},
	"elements": [
		{
			"from": [5, 4, 6],
			"to": [11, 8, 11],
			"rotation": {"angle": 0, "axis": "y", "origin": [6, 4, 7]},
			"faces": {
				"north": {"uv": [5.5, 2.5, 8.5, 4.5], "texture": "#2"},
				"east": {"uv": [3, 7.5, 5.5, 9.5], "texture": "#2"},
				"south": {"uv": [0, 7.5, 3, 9.5], "texture": "#2"},
				"west": {"uv": [7.5, 4.5, 10, 6.5], "texture": "#2"},
				"up": {"uv": [3, 2.5, 0, 0], "texture": "#2"},
				"down": {"uv": [3, 2.5, 0, 5], "texture": "#2"}
			}
		},
		{
			"from": [6.5, 4, 5],
			"to": [9.5, 8, 6],
			"rotation": {"angle": 0, "axis": "y", "origin": [8, 4, 6]},
			"faces": {
				"north": {"uv": [8, 0, 9.5, 2], "texture": "#2"},
				"east": {"uv": [2, 9.5, 2.5, 11.5], "texture": "#2"},
				"south": {"uv": [7.5, 8, 9, 10], "texture": "#2"},
				"west": {"uv": [2.5, 9.5, 3, 11.5], "texture": "#2"},
				"up": {"uv": [7, 5, 5.5, 4.5], "texture": "#2"},
				"down": {"uv": [10, 3.5, 8.5, 4], "texture": "#2"}
			}
		},
		{
			"from": [4.5, 4.01, 5],
			"to": [6.5, 8.01, 6],
			"rotation": {"angle": 22.5, "axis": "y", "origin": [6.5, 7, 5]},
			"faces": {
				"north": {"uv": [9, 8, 10, 10], "texture": "#2"},
				"east": {"uv": [3, 9.5, 3.5, 11.5], "texture": "#2"},
				"south": {"uv": [0, 9.5, 1, 11.5], "texture": "#2"},
				"west": {"uv": [3.5, 9.5, 4, 11.5], "texture": "#2"},
				"up": {"uv": [9.5, 4.5, 8.5, 4], "texture": "#2"},
				"down": {"uv": [10.5, 6.5, 9.5, 7], "texture": "#2"}
			}
		},
		{
			"from": [9.5, 4.01, 5],
			"to": [11.5, 8.01, 6],
			"rotation": {"angle": -22.5, "axis": "y", "origin": [9.5, 7, 5]},
			"faces": {
				"north": {"uv": [9.5, 0, 10.5, 2], "texture": "#2"},
				"east": {"uv": [4, 9.5, 4.5, 11.5], "texture": "#2"},
				"south": {"uv": [1, 9.5, 2, 11.5], "texture": "#2"},
				"west": {"uv": [4.5, 9.5, 5, 11.5], "texture": "#2"},
				"up": {"uv": [10.5, 7.5, 9.5, 7], "texture": "#2"},
				"down": {"uv": [10.5, 7.5, 9.5, 8], "texture": "#2"}
			}
		},
		{
			"from": [10, 8, 9],
			"to": [10, 12, 10],
			"rotation": {"angle": 22.5, "axis": "x", "origin": [10, 7, 9]},
			"faces": {
				"north": {"uv": [0, 0, 0, 2], "texture": "#2"},
				"east": {"uv": [5, 9.5, 5.5, 11.5], "texture": "#2"},
				"south": {"uv": [0, 0, 0, 2], "texture": "#2"},
				"west": {"uv": [10, 3.5, 10.5, 5.5], "texture": "#2"},
				"up": {"uv": [0, 0.5, 0, 0], "texture": "#2"},
				"down": {"uv": [0, 0, 0, 0.5], "texture": "#2"}
			}
		},
		{
			"from": [5.5, 4, 4],
			"to": [10.5, 9, 9],
			"rotation": {"angle": 0, "axis": "y", "origin": [5, 4, 4]},
			"faces": {
				"north": {"uv": [3, 0, 5.5, 2.5], "texture": "#2"},
				"east": {"uv": [3, 2.5, 5.5, 5], "texture": "#2"},
				"south": {"uv": [0, 5, 2.5, 7.5], "texture": "#2"},
				"west": {"uv": [2.5, 5, 5, 7.5], "texture": "#2"},
				"up": {"uv": [7.5, 7.5, 5, 5], "texture": "#2"},
				"down": {"uv": [8, 0, 5.5, 2.5], "texture": "#2"}
			}
		},
		{
			"from": [5, 5, 7],
			"to": [5, 8, 11],
			"rotation": {"angle": -22.5, "axis": "y", "origin": [5, 5, 7]},
			"faces": {
				"north": {"uv": [0, 0, 0, 1.5], "texture": "#2"},
				"east": {"uv": [8.5, 2, 10.5, 3.5], "texture": "#2"},
				"south": {"uv": [0, 0, 0, 1.5], "texture": "#2"},
				"west": {"uv": [5.5, 9, 7.5, 10.5], "texture": "#2"},
				"up": {"uv": [0, 2, 0, 0], "texture": "#2"},
				"down": {"uv": [0, 0, 0, 2], "texture": "#2"}
			}
		},
		{
			"from": [11, 5, 7],
			"to": [11, 8, 11],
			"rotation": {"angle": 22.5, "axis": "y", "origin": [11, 5, 7]},
			"faces": {
				"north": {"uv": [0, 0, 0, 1.5], "texture": "#2"},
				"east": {"uv": [5.5, 7.5, 7.5, 9], "texture": "#2"},
				"south": {"uv": [0, 0, 0, 1.5], "texture": "#2"},
				"west": {"uv": [7.5, 6.5, 9.5, 8], "texture": "#2"},
				"up": {"uv": [0, 2, 0, 0], "texture": "#2"},
				"down": {"uv": [0, 0, 0, 2], "texture": "#2"}
			}
		},
		{
			"from": [6.5, 7, 3.7],
			"to": [9.5, 7, 4.7],
			"rotation": {"angle": 0, "axis": "y", "origin": [6, 7, 3]},
			"faces": {
				"north": {"uv": [12, 4, 12.5, 4.5], "texture": "#2"},
				"east": {"uv": [12, 3.5, 12.5, 4], "texture": "#2"},
				"south": {"uv": [12, 2.5, 12.5, 3], "texture": "#2"},
				"west": {"uv": [12, 2, 12.5, 2.5], "texture": "#2"},
				"up": {"uv": [4.5, 0.5, 3, 0], "texture": "#2"},
				"down": {"uv": [4.5, 0, 3, 0.5], "texture": "#2"}
			}
		},
		{
			"from": [6.5, 6, 3.7],
			"to": [9.5, 6, 4.7],
			"rotation": {"angle": 0, "axis": "y", "origin": [6, 6, 3]},
			"faces": {
				"north": {"uv": [12, 4, 12.5, 4.5], "texture": "#2"},
				"east": {"uv": [12, 3.5, 12.5, 4], "texture": "#2"},
				"south": {"uv": [12, 2.5, 12.5, 3], "texture": "#2"},
				"west": {"uv": [12, 2, 12.5, 2.5], "texture": "#2"},
				"up": {"uv": [4.5, 0.5, 3, 0], "texture": "#2"},
				"down": {"uv": [4.5, 0, 3, 0.5], "texture": "#2"}
			}
		}
	],
	"groups": [
		{
			"name": "TurretRoot",
			"origin": [8, 4, 8],
			"color": 0,
			"children": [0, 1, 2, 3, 4, 5, 6, 7, 8, 9]
		}
	]
}