{
	"credit": "Made with Blockbench",
	"textures": {
		"1": "item/tank_turret_red",
		"2": "item/nanogoop_tex"
	},
	"elements": [
		{
			"from": [5, 4, 6],
			"to": [11, 8, 11],
			"rotation": {"angle": 0, "axis": "y", "origin": [6, 4, 7]},
			"faces": {
				"north": {"uv": [3, 0, 6, 2], "texture": "#1"},
				"east": {"uv": [3, 4, 5.5, 6], "texture": "#1"},
				"south": {"uv": [3, 2, 6, 4], "texture": "#1"},
				"west": {"uv": [0, 5, 2.5, 7], "texture": "#1"},
				"up": {"uv": [3, 2.5, 0, 0], "texture": "#1"},
				"down": {"uv": [3, 2.5, 0, 5], "texture": "#1"}
			}
		},
		{
			"from": [6.5, 4, 5],
			"to": [9.5, 8, 6],
			"rotation": {"angle": 0, "axis": "y", "origin": [8, 4, 6]},
			"faces": {
				"north": {"uv": [5.5, 4, 7, 6], "texture": "#1"},
				"east": {"uv": [5.5, 6, 6, 8], "texture": "#1"},
				"south": {"uv": [6, 0, 7.5, 2], "texture": "#1"},
				"west": {"uv": [6, 6, 6.5, 8], "texture": "#1"},
				"up": {"uv": [6.5, 8.5, 5, 8], "texture": "#1"},
				"down": {"uv": [9.5, 6, 8, 6.5], "texture": "#1"}
			}
		},
		{
			"from": [4.5, 4.01, 5],
			"to": [6.5, 8.01, 6],
			"rotation": {"angle": 22.5, "axis": "y", "origin": [6.5, 7, 5]},
			"faces": {
				"north": {"uv": [6, 2, 7, 4], "texture": "#1"},
				"east": {"uv": [6.5, 6, 7, 8], "texture": "#1"},
				"south": {"uv": [2.5, 6, 3.5, 8], "texture": "#1"},
				"west": {"uv": [0, 7, 0.5, 9], "texture": "#1"},
				"up": {"uv": [7.5, 8.5, 6.5, 8], "texture": "#1"},
				"down": {"uv": [9, 6.5, 8, 7], "texture": "#1"}
			}
		},
		{
			"from": [9.5, 4.01, 5],
			"to": [11.5, 8.01, 6],
			"rotation": {"angle": -22.5, "axis": "y", "origin": [9.5, 7, 5]},
			"faces": {
				"north": {"uv": [3.5, 6, 4.5, 8], "texture": "#1"},
				"east": {"uv": [0.5, 7, 1, 9], "texture": "#1"},
				"south": {"uv": [4.5, 6, 5.5, 8], "texture": "#1"},
				"west": {"uv": [1, 7, 1.5, 9], "texture": "#1"},
				"up": {"uv": [9, 7.5, 8, 7], "texture": "#1"},
				"down": {"uv": [8.5, 8, 7.5, 8.5], "texture": "#1"}
			}
		},
		{
			"from": [7, 5, 3],
			"to": [9, 7, 5],
			"rotation": {"angle": 0, "axis": "y", "origin": [8, 4, 4]},
			"faces": {
				"north": {"uv": [1.5, 7, 2.5, 8], "texture": "#1"},
				"east": {"uv": [7, 2, 8, 3], "texture": "#1"},
				"south": {"uv": [7, 3, 8, 4], "texture": "#1"},
				"west": {"uv": [7, 4, 8, 5], "texture": "#1"},
				"up": {"uv": [8, 6, 7, 5], "texture": "#1"},
				"down": {"uv": [8, 6, 7, 7], "texture": "#1"}
			}
		},
		{
			"from": [6, 7.2, 8],
			"to": [8, 8.2, 10],
			"rotation": {"angle": 0, "axis": "y", "origin": [7, 6, 9]},
			"faces": {
				"north": {"uv": [8, 7.5, 9, 8], "texture": "#1"},
				"east": {"uv": [8.5, 0, 9.5, 0.5], "texture": "#1"},
				"south": {"uv": [8.5, 0.5, 9.5, 1], "texture": "#1"},
				"west": {"uv": [8.5, 1, 9.5, 1.5], "texture": "#1"},
				"up": {"uv": [8, 8, 7, 7], "texture": "#1"},
				"down": {"uv": [8.5, 0, 7.5, 1], "texture": "#1"}
			}
		},
		{
			"from": [6.8, 4.8, 0.8],
			"to": [9.2, 7.2, 3.2],
			"rotation": {"angle": 0, "axis": "y", "origin": [8, 4, 2]},
			"faces": {
				"north": {"uv": [7.5, 1, 8.5, 2], "texture": "#1"},
				"east": {"uv": [1.5, 8, 2.5, 9], "texture": "#1"},
				"south": {"uv": [8, 2, 9, 3], "texture": "#1"},
				"west": {"uv": [2.5, 8, 3.5, 9], "texture": "#1"},
				"up": {"uv": [9, 4, 8, 3], "texture": "#1"},
				"down": {"uv": [4.5, 8, 3.5, 9], "texture": "#1"}
			}
		},
		{
			"from": [6, 8, 9],
			"to": [6, 12, 10],
			"rotation": {"angle": 22.5, "axis": "x", "origin": [6, 7, 9]},
			"faces": {
				"north": {"uv": [0, 0, 0, 2], "texture": "#1"},
				"east": {"uv": [8, 4, 8.5, 6], "texture": "#1"},
				"south": {"uv": [0, 0, 0, 2], "texture": "#1"},
				"west": {"uv": [4.5, 8, 5, 10], "texture": "#1"},
				"up": {"uv": [0, 0.5, 0, 0], "texture": "#1"},
				"down": {"uv": [0, 0, 0, 0.5], "texture": "#1"}
			}
		},
		{
			"from": [9.3, 6.3, 6.3],
			"to": [11.7, 8.7, 10.7],
			"rotation": {"angle": 0, "axis": "y", "origin": [9, 6, 6]},
			"faces": {
				"north": {"uv": [2, 4, 4, 6], "texture": "#2"},
				"east": {"uv": [0, 0, 4, 2], "texture": "#2"},
				"south": {"uv": [4, 4, 6, 6], "texture": "#2"},
				"west": {"uv": [0, 2, 4, 4], "texture": "#2"},
				"up": {"uv": [2, 8, 0, 4], "texture": "#2"},
				"down": {"uv": [6, 0, 4, 4], "texture": "#2"}
			}
		},
		{
			"from": [10, 5.5, 4],
			"to": [11, 6.5, 6],
			"rotation": {"angle": -22.5, "axis": "x", "origin": [11, 5.5, 4]},
			"faces": {
				"north": {"uv": [1, 8, 2, 9], "texture": "#2"},
				"east": {"uv": [6, 3, 8, 4], "texture": "#2"},
				"south": {"uv": [8, 1, 9, 2], "texture": "#2"},
				"west": {"uv": [4, 6, 6, 7], "texture": "#2"},
				"up": {"uv": [7, 6, 6, 4], "texture": "#2"},
				"down": {"uv": [7, 6, 6, 8], "texture": "#2"}
			}
		},
		{
			"from": [10, 5.5, 2],
			"to": [11, 6.5, 4],
			"rotation": {"angle": 22.5, "axis": "y", "origin": [11, 6, 4]},
			"faces": {
				"north": {"uv": [2, 8, 3, 9], "texture": "#2"},
				"east": {"uv": [2, 7, 4, 8], "texture": "#2"},
				"south": {"uv": [8, 2, 9, 3], "texture": "#2"},
				"west": {"uv": [4, 7, 6, 8], "texture": "#2"},
				"up": {"uv": [8, 6, 7, 4], "texture": "#2"},
				"down": {"uv": [8, 6, 7, 8], "texture": "#2"}
			}
		},
		{
			"from": [8.27, 5.49, 2.05],
			"to": [10.27, 6.49, 3.05],
			"rotation": {"angle": -22.5, "axis": "y", "origin": [10, 6, 2]},
			"faces": {
				"north": {"uv": [6, 0, 8, 1], "texture": "#2"},
				"east": {"uv": [0, 8, 1, 9], "texture": "#2"},
				"south": {"uv": [6, 1, 8, 2], "texture": "#2"},
				"west": {"uv": [8, 0, 9, 1], "texture": "#2"},
				"up": {"uv": [4, 7, 2, 6], "texture": "#2"},
				"down": {"uv": [8, 2, 6, 3], "texture": "#2"}
			}
		}
	],
	"groups": [
		{
			"name": "TurretRoot",
			"origin": [8, 4, 8],
			"color": 0,
			"children": [0, 1, 2, 3, 4, 5, 6, 7, 8, 9, 10, 11]
		}
	]
}