{
	"credit": "Made with Blockbench",
	"texture_size": [32, 32],
	"textures": {
		"2": "item/tank_nanorockets_blue"
	},
	"elements": [
		{
			"from": [5, 4, 5],
			"to": [11, 8, 11],
			"rotation": {"angle": 0, "axis": "y", "origin": [6, 4, 6]},
			"faces": {
				"north": {"uv": [3, 0, 6, 2], "texture": "#2"},
				"east": {"uv": [3, 2, 6, 4], "texture": "#2"},
				"south": {"uv": [3, 4, 6, 6], "texture": "#2"},
				"west": {"uv": [0, 6, 3, 8], "texture": "#2"},
				"up": {"uv": [3, 3, 0, 0], "texture": "#2"},
				"down": {"uv": [3, 3, 0, 6], "texture": "#2"}
			}
		},
		{
			"from": [8.5, 5, 3],
			"to": [10.5, 7, 5],
			"rotation": {"angle": 45, "axis": "z", "origin": [9.5, 6, 4]},
			"faces": {
				"north": {"uv": [7, 6, 8, 7], "texture": "#2"},
				"east": {"uv": [7, 7, 8, 8], "texture": "#2"},
				"south": {"uv": [0, 8, 1, 9], "texture": "#2"},
				"west": {"uv": [8, 0, 9, 1], "texture": "#2"},
				"up": {"uv": [2, 9, 1, 8], "texture": "#2"},
				"down": {"uv": [9, 1, 8, 2], "texture": "#2"}
			}
		},
		{
			"from": [5.5, 5, 3],
			"to": [7.5, 7, 5],
			"rotation": {"angle": 45, "axis": "z", "origin": [6.5, 6, 4]},
			"faces": {
				"north": {"uv": [2, 8, 3, 9], "texture": "#2"},
				"east": {"uv": [8, 2, 9, 3], "texture": "#2"},
				"south": {"uv": [3, 8, 4, 9], "texture": "#2"},
				"west": {"uv": [8, 3, 9, 4], "texture": "#2"},
				"up": {"uv": [5, 9, 4, 8], "texture": "#2"},
				"down": {"uv": [9, 4, 8, 5], "texture": "#2"}
			}
		},
		{
			"from": [8.5, 5, 11],
			"to": [10.5, 7, 12],
			"rotation": {"angle": 0, "axis": "y", "origin": [9, 4, 12]},
			"faces": {
				"north": {"uv": [5, 8, 6, 9], "texture": "#2"},
				"east": {"uv": [9, 0, 9.5, 1], "texture": "#2"},
				"south": {"uv": [8, 5, 9, 6], "texture": "#2"},
				"west": {"uv": [1, 9, 1.5, 10], "texture": "#2"},
				"up": {"uv": [10, 1.5, 9, 1], "texture": "#2"},
				"down": {"uv": [2.5, 9, 1.5, 9.5], "texture": "#2"}
			}
		},
		{
			"from": [5.5, 5, 11],
			"to": [7.5, 7, 12],
			"rotation": {"angle": 0, "axis": "y", "origin": [6, 4, 12]},
			"faces": {
				"north": {"uv": [6, 8, 7, 9], "texture": "#2"},
				"east": {"uv": [9, 1.5, 9.5, 2.5], "texture": "#2"},
				"south": {"uv": [8, 6, 9, 7], "texture": "#2"},
				"west": {"uv": [2.5, 9, 3, 10], "texture": "#2"},
				"up": {"uv": [10, 3, 9, 2.5], "texture": "#2"},
				"down": {"uv": [4, 9, 3, 9.5], "texture": "#2"}
			}
		},
		{
			"from": [6, 8, 3],
			"to": [10, 8, 5],
			"rotation": {"angle": 0, "axis": "y", "origin": [6, 8, 3]},
			"faces": {
				"north": {"uv": [0, 0, 2, 0], "texture": "#2"},
				"east": {"uv": [0, 0, 1, 0], "texture": "#2"},
				"south": {"uv": [0, 0, 2, 0], "texture": "#2"},
				"west": {"uv": [0, 0, 1, 0], "texture": "#2"},
				"up": {"uv": [5, 8, 3, 7], "texture": "#2"},
				"down": {"uv": [7, 7, 5, 8], "texture": "#2"}
			}
		},
		{
			"from": [10, 6, 3],
			"to": [10, 8, 5],
			"rotation": {"angle": 45, "axis": "z", "origin": [10, 8, 3]},
			"faces": {
				"north": {"uv": [0, 0, 0, 1], "texture": "#2"},
				"east": {"uv": [7, 8, 8, 9], "texture": "#2"},
				"south": {"uv": [0, 0, 0, 1], "texture": "#2"},
				"west": {"uv": [8, 7, 9, 8], "texture": "#2"},
				"up": {"uv": [0, 1, 0, 0], "texture": "#2"},
				"down": {"uv": [0, 0, 0, 1], "texture": "#2"}
			}
		},
		{
			"from": [4, 8, 3],
			"to": [6, 8, 5],
			"rotation": {"angle": 45, "axis": "z", "origin": [6, 8, 3]},
			"faces": {
				"north": {"uv": [0, 0, 1, 0], "texture": "#2"},
				"east": {"uv": [0, 0, 1, 0], "texture": "#2"},
				"south": {"uv": [0, 0, 1, 0], "texture": "#2"},
				"west": {"uv": [0, 0, 1, 0], "texture": "#2"},
				"up": {"uv": [9, 9, 8, 8], "texture": "#2"},
				"down": {"uv": [1, 9, 0, 10], "texture": "#2"}
			}
		},
		{
			"from": [6, 6, 7],
			"to": [10, 8, 11],
			"rotation": {"angle": -22.5, "axis": "x", "origin": [6, 8, 6]},
			"faces": {
				"north": {"uv": [3, 6, 5, 7], "texture": "#2"},
				"east": {"uv": [6, 4, 8, 5], "texture": "#2"},
				"south": {"uv": [5, 6, 7, 7], "texture": "#2"},
				"west": {"uv": [6, 5, 8, 6], "texture": "#2"},
				"up": {"uv": [8, 2, 6, 0], "texture": "#2"},
				"down": {"uv": [8, 2, 6, 4], "texture": "#2"}
			}
		}
	],
	"groups": [
		{
			"name": "TurretRoot",
			"origin": [8, 4, 8],
			"color": 0,
			"children": [0, 1, 2, 3, 4, 5, 6, 7, 8]
		}
	]
}