{
	"credit": "Made with Blockbench",
	"texture_size": [32, 32],
	"textures": {
		"2": "item/tank_rocketpod_blue"
	},
	"elements": [
		{
			"from": [5, 4, 5],
			"to": [11, 8, 11],
			"rotation": {"angle": 0, "axis": "y", "origin": [5, 4, 6]},
			"faces": {
				"north": {"uv": [0, 6, 3, 8], "texture": "#2"},
				"east": {"uv": [7, 0, 10, 2], "texture": "#2"},
				"south": {"uv": [7, 2, 10, 4], "texture": "#2"},
				"west": {"uv": [7, 4, 10, 6], "texture": "#2"},
				"up": {"uv": [3, 3, 0, 0], "texture": "#2"},
				"down": {"uv": [3, 3, 0, 6], "texture": "#2"}
			}
		},
		{
			"from": [6, 4, 4],
			"to": [10, 8, 12],
			"rotation": {"angle": 0, "axis": "y", "origin": [8, 3, 5]},
			"faces": {
				"north": {"uv": [0, 8, 2, 10], "texture": "#2"},
				"east": {"uv": [3, 0, 7, 2], "texture": "#2"},
				"south": {"uv": [2, 8, 4, 10], "texture": "#2"},
				"west": {"uv": [3, 2, 7, 4], "texture": "#2"},
				"up": {"uv": [5, 8, 3, 4], "texture": "#2"},
				"down": {"uv": [7, 4, 5, 8], "texture": "#2"}
			}
		},
		{
			"from": [10, 8, 9],
			"to": [10, 12, 10],
			"rotation": {"angle": 22.5, "axis": "x", "origin": [10, 7, 9]},
			"faces": {
				"north": {"uv": [0, 0, 0, 2], "texture": "#2"},
				"east": {"uv": [1.5, 10, 2, 12], "texture": "#2"},
				"south": {"uv": [0, 0, 0, 2], "texture": "#2"},
				"west": {"uv": [2, 10, 2.5, 12], "texture": "#2"},
				"up": {"uv": [0, 0.5, 0, 0], "texture": "#2"},
				"down": {"uv": [0, 0, 0, 0.5], "texture": "#2"}
			}
		},
		{
			"from": [6, 8, 9],
			"to": [6, 12, 10],
			"rotation": {"angle": 22.5, "axis": "x", "origin": [6, 7, 9]},
			"faces": {
				"north": {"uv": [0, 0, 0, 2], "texture": "#2"},
				"east": {"uv": [2.5, 10, 3, 12], "texture": "#2"},
				"south": {"uv": [0, 0, 0, 2], "texture": "#2"},
				"west": {"uv": [3, 10, 3.5, 12], "texture": "#2"},
				"up": {"uv": [0, 0.5, 0, 0], "texture": "#2"},
				"down": {"uv": [0, 0, 0, 0.5], "texture": "#2"}
			}
		},
		{
			"from": [7.35, 6.35, 3.35],
			"to": [8.65, 7.65, 4.65],
			"rotation": {"angle": 45, "axis": "x", "origin": [7, 7, 4]},
			"faces": {
				"north": {"uv": [3.5, 10, 4.5, 11], "texture": "#2"},
				"east": {"uv": [10, 4, 11, 5], "texture": "#2"},
				"south": {"uv": [4.5, 10, 5.5, 11], "texture": "#2"},
				"west": {"uv": [10, 5, 11, 6], "texture": "#2"},
				"up": {"uv": [6.5, 11, 5.5, 10], "texture": "#2"},
				"down": {"uv": [7.5, 10, 6.5, 11], "texture": "#2"}
			}
		},
		{
			"from": [8.35, 4.35, 3.35],
			"to": [9.65, 5.65, 4.65],
			"rotation": {"angle": 45, "axis": "x", "origin": [8, 5, 4]},
			"faces": {
				"north": {"uv": [7.5, 10, 8.5, 11], "texture": "#2"},
				"east": {"uv": [8.5, 10, 9.5, 11], "texture": "#2"},
				"south": {"uv": [9.5, 10, 10.5, 11], "texture": "#2"},
				"west": {"uv": [10.5, 0, 11.5, 1], "texture": "#2"},
				"up": {"uv": [11.5, 2, 10.5, 1], "texture": "#2"},
				"down": {"uv": [11.5, 2, 10.5, 3], "texture": "#2"}
			}
		},
		{
			"from": [6.35, 4.35, 3.35],
			"to": [7.65, 5.65, 4.65],
			"rotation": {"angle": 45, "axis": "x", "origin": [6, 5, 4]},
			"faces": {
				"north": {"uv": [10.5, 3, 11.5, 4], "texture": "#2"},
				"east": {"uv": [10.5, 10, 11.5, 11], "texture": "#2"},
				"south": {"uv": [3.5, 11, 4.5, 12], "texture": "#2"},
				"west": {"uv": [11, 4, 12, 5], "texture": "#2"},
				"up": {"uv": [5.5, 12, 4.5, 11], "texture": "#2"},
				"down": {"uv": [12, 5, 11, 6], "texture": "#2"}
			}
		},
		{
			"from": [4, 5, 8],
			"to": [12, 5, 10],
			"rotation": {"angle": 0, "axis": "y", "origin": [4, 5, 8]},
			"faces": {
				"north": {"uv": [0, 0, 4, 0], "texture": "#2"},
				"east": {"uv": [0, 0, 1, 0], "texture": "#2"},
				"south": {"uv": [0, 0, 4, 0], "texture": "#2"},
				"west": {"uv": [0, 0, 1, 0], "texture": "#2"},
				"up": {"uv": [11, 7, 7, 6], "texture": "#2"},
				"down": {"uv": [11, 7, 7, 8], "texture": "#2"}
			}
		},
		{
			"from": [7.01, 6.01, 4.01],
			"to": [7.99, 7.99, 11.99],
			"rotation": {"angle": -22.5, "axis": "z", "origin": [7, 8, 4]},
			"faces": {
				"north": {"uv": [5.5, 11, 6, 12], "texture": "#2"},
				"east": {"uv": [4, 8, 8, 9], "texture": "#2"},
				"south": {"uv": [6, 11, 6.5, 12], "texture": "#2"},
				"west": {"uv": [8, 8, 12, 9], "texture": "#2"},
				"up": {"uv": [0.5, 14, 0, 10], "texture": "#2"},
				"down": {"uv": [10.5, 0, 10, 4], "texture": "#2"}
			}
		},
		{
			"from": [8.01, 6.01, 4.01],
			"to": [8.99, 7.99, 11.99],
			"rotation": {"angle": 22.5, "axis": "z", "origin": [9, 8, 4]},
			"faces": {
				"north": {"uv": [11, 6, 11.5, 7], "texture": "#2"},
				"east": {"uv": [4, 9, 8, 10], "texture": "#2"},
				"south": {"uv": [6.5, 11, 7, 12], "texture": "#2"},
				"west": {"uv": [8, 9, 12, 10], "texture": "#2"},
				"up": {"uv": [1, 14, 0.5, 10], "texture": "#2"},
				"down": {"uv": [1.5, 10, 1, 14], "texture": "#2"}
			}
		},
		{
			"from": [6, 6, 4],
			"to": [10, 6, 12],
			"rotation": {"angle": 0, "axis": "y", "origin": [6, 6, 4]},
			"faces": {
				"north": {"uv": [0, 0, 0.5, 0.5], "texture": "#2"},
				"east": {"uv": [0, 0, 0.5, 0.5], "texture": "#2"},
				"south": {"uv": [0, 0, 0.5, 0.5], "texture": "#2"},
				"west": {"uv": [0, 0, 0.5, 0.5], "texture": "#2"},
				"up": {"uv": [1.5, 13.5, 3.5, 14], "texture": "#2"},
				"down": {"uv": [12.5, 13.5, 13, 14], "texture": "#2"}
			}
		}
	],
	"groups": [
		{
			"name": "TurretRoot",
			"origin": [8, 4, 8],
			"color": 0,
			"children": [0, 1, 2, 3, 4, 5, 6, 7, 8, 9, 10]
		}
	]
}