{
	"credit": "Made with Blockbench",
	"texture_size": [32, 32],
	"textures": {
		"2": "item/tank_plasma_blue"
	},
	"elements": [
		{
			"from": [5, 4, 6],
			"to": [11, 8, 11],
			"rotation": {"angle": 0, "axis": "y", "origin": [6, 4, 7]},
			"faces": {
				"north": {"uv": [3, 0, 6, 2], "texture": "#2"},
				"east": {"uv": [3, 4, 5.5, 6], "texture": "#2"},
				"south": {"uv": [3, 2, 6, 4], "texture": "#2"},
				"west": {"uv": [0, 5, 2.5, 7], "texture": "#2"},
				"up": {"uv": [3, 2.5, 0, 0], "texture": "#2"},
				"down": {"uv": [3, 2.5, 0, 5], "texture": "#2"}
			}
		},
		{
			"from": [7, 7.2, 8],
			"to": [9, 8.2, 10],
			"rotation": {"angle": 0, "axis": "y", "origin": [8, 6, 9]},
			"faces": {
				"north": {"uv": [10.5, 1.5, 11.5, 2], "texture": "#2"},
				"east": {"uv": [2, 10.5, 3, 11], "texture": "#2"},
				"south": {"uv": [10.5, 2, 11.5, 2.5], "texture": "#2"},
				"west": {"uv": [10.5, 2.5, 11.5, 3], "texture": "#2"},
				"up": {"uv": [10.5, 1, 9.5, 0], "texture": "#2"},
				"down": {"uv": [10.5, 1, 9.5, 2], "texture": "#2"}
			}
		},
		{
			"from": [10, 8, 9],
			"to": [10, 12, 10],
			"rotation": {"angle": 22.5, "axis": "x", "origin": [10, 7, 9]},
			"faces": {
				"north": {"uv": [0, 0, 0, 2], "texture": "#2"},
				"east": {"uv": [1.5, 9.5, 2, 11.5], "texture": "#2"},
				"south": {"uv": [0, 0, 0, 2], "texture": "#2"},
				"west": {"uv": [3, 9.5, 3.5, 11.5], "texture": "#2"},
				"up": {"uv": [0, 0.5, 0, 0], "texture": "#2"},
				"down": {"uv": [0, 0, 0, 0.5], "texture": "#2"}
			}
		},
		{
			"from": [6, 8, 9],
			"to": [6, 12, 10],
			"rotation": {"angle": 22.5, "axis": "x", "origin": [6, 7, 9]},
			"faces": {
				"north": {"uv": [0, 0, 0, 2], "texture": "#2"},
				"east": {"uv": [3.5, 9.5, 4, 11.5], "texture": "#2"},
				"south": {"uv": [0, 0, 0, 2], "texture": "#2"},
				"west": {"uv": [4, 9.5, 4.5, 11.5], "texture": "#2"},
				"up": {"uv": [0, 0.5, 0, 0], "texture": "#2"},
				"down": {"uv": [0, 0, 0, 0.5], "texture": "#2"}
			}
		},
		{
			"from": [5.5, 4.5, 5],
			"to": [10.5, 7.5, 6],
			"rotation": {"angle": 0, "axis": "y", "origin": [5, 4, 5]},
			"faces": {
				"north": {"uv": [6, 0, 8.5, 1.5], "texture": "#2"},
				"east": {"uv": [4.5, 9.5, 5, 11], "texture": "#2"},
				"south": {"uv": [6, 1.5, 8.5, 3], "texture": "#2"},
				"west": {"uv": [10.5, 0, 11, 1.5], "texture": "#2"},
				"up": {"uv": [11, 3.5, 8.5, 3], "texture": "#2"},
				"down": {"uv": [11, 3.5, 8.5, 4], "texture": "#2"}
			}
		},
		{
			"from": [6, 5, 0],
			"to": [7, 7, 5],
			"rotation": {"angle": 0, "axis": "y", "origin": [6, 5, 0]},
			"faces": {
				"north": {"uv": [2.5, 5, 3, 6], "texture": "#2"},
				"east": {"uv": [6, 3, 8.5, 4], "texture": "#2"},
				"south": {"uv": [5, 6, 5.5, 7], "texture": "#2"},
				"west": {"uv": [5, 7, 7.5, 8], "texture": "#2"},
				"up": {"uv": [7.5, 11.5, 7, 9], "texture": "#2"},
				"down": {"uv": [8, 9, 7.5, 11.5], "texture": "#2"}
			}
		},
		{
			"from": [5.9, 4.9, -0.1],
			"to": [7.1, 7.1, 5.1],
			"rotation": {"angle": 0, "axis": "y", "origin": [6, 5, 0]},
			"faces": {
				"north": {"uv": [10.5, 4, 11, 5], "texture": "#2"},
				"east": {"uv": [2.5, 7.5, 5, 8.5], "texture": "#2"},
				"south": {"uv": [10.5, 5, 11, 6], "texture": "#2"},
				"west": {"uv": [7.5, 7, 10, 8], "texture": "#2"},
				"up": {"uv": [8.5, 11.5, 8, 9], "texture": "#2"},
				"down": {"uv": [9, 9, 8.5, 11.5], "texture": "#2"}
			}
		},
		{
			"from": [8.9, 4.9, -0.1],
			"to": [10.1, 7.1, 5.1],
			"rotation": {"angle": 0, "axis": "y", "origin": [9, 5, 0]},
			"faces": {
				"north": {"uv": [10.5, 6, 11, 7], "texture": "#2"},
				"east": {"uv": [8, 4, 10.5, 5], "texture": "#2"},
				"south": {"uv": [10.5, 8, 11, 9], "texture": "#2"},
				"west": {"uv": [5, 8, 7.5, 9], "texture": "#2"},
				"up": {"uv": [9.5, 11.5, 9, 9], "texture": "#2"},
				"down": {"uv": [0.5, 9.5, 0, 12], "texture": "#2"}
			}
		},
		{
			"from": [9, 5, 0],
			"to": [10, 7, 5],
			"rotation": {"angle": 0, "axis": "y", "origin": [9, 5, 0]},
			"faces": {
				"north": {"uv": [10.5, 9, 11, 10], "texture": "#2"},
				"east": {"uv": [8, 5, 10.5, 6], "texture": "#2"},
				"south": {"uv": [10.5, 10, 11, 11], "texture": "#2"},
				"west": {"uv": [8, 6, 10.5, 7], "texture": "#2"},
				"up": {"uv": [1, 12, 0.5, 9.5], "texture": "#2"},
				"down": {"uv": [1.5, 9.5, 1, 12], "texture": "#2"}
			}
		},
		{
			"from": [4, 5, 7],
			"to": [6, 7, 11],
			"rotation": {"angle": -22.5, "axis": "y", "origin": [5, 5, 7]},
			"faces": {
				"north": {"uv": [9.5, 8, 10.5, 9], "texture": "#2"},
				"east": {"uv": [7.5, 8, 9.5, 9], "texture": "#2"},
				"south": {"uv": [9.5, 9, 10.5, 10], "texture": "#2"},
				"west": {"uv": [0, 8.5, 2, 9.5], "texture": "#2"},
				"up": {"uv": [9.5, 2, 8.5, 0], "texture": "#2"},
				"down": {"uv": [3, 8.5, 2, 10.5], "texture": "#2"}
			}
		},
		{
			"from": [10, 5, 7],
			"to": [12, 7, 11],
			"rotation": {"angle": 22.5, "axis": "y", "origin": [11, 5, 7]},
			"faces": {
				"north": {"uv": [10, 7, 11, 8], "texture": "#2"},
				"east": {"uv": [8.5, 2, 10.5, 3], "texture": "#2"},
				"south": {"uv": [9.5, 10, 10.5, 11], "texture": "#2"},
				"west": {"uv": [3, 8.5, 5, 9.5], "texture": "#2"},
				"up": {"uv": [6, 11, 5, 9], "texture": "#2"},
				"down": {"uv": [7, 9, 6, 11], "texture": "#2"}
			}
		},
		{
			"from": [6.5, 7, 3],
			"to": [6.5, 10, 8],
			"rotation": {"angle": 0, "axis": "y", "origin": [6, 7, 3]},
			"faces": {
				"north": {"uv": [0, 0, 0, 1.5], "texture": "#2"},
				"east": {"uv": [2.5, 6, 5, 7.5], "texture": "#2"},
				"south": {"uv": [0, 0, 0, 1.5], "texture": "#2"},
				"west": {"uv": [0, 7, 2.5, 8.5], "texture": "#2"},
				"up": {"uv": [0, 2.5, 0, 0], "texture": "#2"},
				"down": {"uv": [0, 0, 0, 2.5], "texture": "#2"}
			}
		},
		{
			"from": [9.5, 7, 3],
			"to": [9.5, 10, 8],
			"rotation": {"angle": 0, "axis": "y", "origin": [9, 7, 3]},
			"faces": {
				"north": {"uv": [0, 0, 0, 1.5], "texture": "#2"},
				"east": {"uv": [5.5, 4, 8, 5.5], "texture": "#2"},
				"south": {"uv": [0, 0, 0, 1.5], "texture": "#2"},
				"west": {"uv": [5.5, 5.5, 8, 7], "texture": "#2"},
				"up": {"uv": [0, 2.5, 0, 0], "texture": "#2"},
				"down": {"uv": [0, 0, 0, 2.5], "texture": "#2"}
			}
		}
	],
	"groups": [
		{
			"name": "TurretRoot",
			"origin": [8, 4, 8],
			"color": 0,
			"children": [0, 1, 2, 3, 4, 5, 6, 7, 8, 9, 10, 11, 12]
		}
	]
}