{
	"credit": "Made with Blockbench",
	"texture_size": [32, 32],
	"textures": {
		"2": "item/tank_grenade_red"
	},
	"elements": [
		{
			"from": [5, 4, 5],
			"to": [11, 9, 11],
			"rotation": {"angle": 0, "axis": "y", "origin": [6, 4, 6]},
			"faces": {
				"north": {"uv": [3, 0, 6, 2.5], "texture": "#2"},
				"east": {"uv": [3, 2.5, 6, 5], "texture": "#2"},
				"south": {"uv": [3, 5, 6, 7.5], "texture": "#2"},
				"west": {"uv": [0, 6, 3, 8.5], "texture": "#2"},
				"up": {"uv": [3, 3, 0, 0], "texture": "#2"},
				"down": {"uv": [3, 3, 0, 6], "texture": "#2"}
			}
		},
		{
			"from": [6, 4.5, 3],
			"to": [10, 8.5, 5],
			"rotation": {"angle": -45, "axis": "z", "origin": [8, 6.5, 4]},
			"faces": {
				"north": {"uv": [6, 0, 8, 2], "texture": "#2"},
				"east": {"uv": [6, 4, 7, 6], "texture": "#2"},
				"south": {"uv": [6, 2, 8, 4], "texture": "#2"},
				"west": {"uv": [6, 6, 7, 8], "texture": "#2"},
				"up": {"uv": [9, 5, 7, 4], "texture": "#2"},
				"down": {"uv": [9, 5, 7, 6], "texture": "#2"}
			}
		},
		{
			"from": [10, 9, 9],
			"to": [10, 13, 10],
			"rotation": {"angle": 22.5, "axis": "x", "origin": [10, 8, 9]},
			"faces": {
				"north": {"uv": [0, 0, 0, 2], "texture": "#2"},
				"east": {"uv": [7, 6, 7.5, 8], "texture": "#2"},
				"south": {"uv": [0, 0, 0, 2], "texture": "#2"},
				"west": {"uv": [3, 7.5, 3.5, 9.5], "texture": "#2"},
				"up": {"uv": [0, 0.5, 0, 0], "texture": "#2"},
				"down": {"uv": [0, 0, 0, 0.5], "texture": "#2"}
			}
		}
	],
	"groups": [
		{
			"name": "TurretRoot",
			"origin": [8, 4, 8],
			"color": 0,
			"children": [0, 1, 2]
		}
	]
}