{
	"credit": "Made with Blockbench",
	"texture_size": [32, 32],
	"textures": {
		"2": "item/tank_minigun_blue"
	},
	"elements": [
		{
			"from": [5, 4, 8],
			"to": [11, 8, 11],
			"rotation": {"angle": 0, "axis": "y", "origin": [6, 4, 9]},
			"faces": {
				"north": {"uv": [6, 6, 9, 8], "texture": "#2"},
				"east": {"uv": [5, 10, 6.5, 12], "texture": "#2"},
				"south": {"uv": [6, 8, 9, 10], "texture": "#2"},
				"west": {"uv": [6.5, 10, 8, 12], "texture": "#2"},
				"up": {"uv": [3, 10.5, 0, 9], "texture": "#2"},
				"down": {"uv": [12, 0, 9, 1.5], "texture": "#2"}
			}
		},
		{
			"from": [5.2, 4.2, 2.4],
			"to": [10.8, 9.8, 8],
			"rotation": {"angle": 0, "axis": "y", "origin": [5, 4, 2]},
			"faces": {
				"north": {"uv": [0, 0, 3, 3], "texture": "#2"},
				"east": {"uv": [0, 3, 3, 6], "texture": "#2"},
				"south": {"uv": [3, 0, 6, 3], "texture": "#2"},
				"west": {"uv": [3, 3, 6, 6], "texture": "#2"},
				"up": {"uv": [3, 9, 0, 6], "texture": "#2"},
				"down": {"uv": [9, 0, 6, 3], "texture": "#2"}
			}
		},
		{
			"from": [5, 4, 3.5],
			"to": [11, 10, 4.5],
			"rotation": {"angle": 0, "axis": "y", "origin": [5, 4, 3]},
			"faces": {
				"north": {"uv": [3, 6, 6, 9], "texture": "#2"},
				"east": {"uv": [8, 10, 8.5, 13], "texture": "#2"},
				"south": {"uv": [6, 3, 9, 6], "texture": "#2"},
				"west": {"uv": [8.5, 10, 9, 13], "texture": "#2"},
				"up": {"uv": [3, 11, 0, 10.5], "texture": "#2"},
				"down": {"uv": [3, 11, 0, 11.5], "texture": "#2"}
			}
		},
		{
			"from": [4, 5, 8],
			"to": [8, 9, 12],
			"rotation": {"angle": 0, "axis": "y", "origin": [4, 5, 8]},
			"faces": {
				"north": {"uv": [9, 1.5, 11, 3.5], "texture": "#2"},
				"east": {"uv": [3, 9, 5, 11], "texture": "#2"},
				"south": {"uv": [9, 3.5, 11, 5.5], "texture": "#2"},
				"west": {"uv": [9, 5.5, 11, 7.5], "texture": "#2"},
				"up": {"uv": [11, 9.5, 9, 7.5], "texture": "#2"},
				"down": {"uv": [11, 9.5, 9, 11.5], "texture": "#2"}
			}
		},
		{
			"from": [5, 9, 8],
			"to": [5, 11, 10],
			"rotation": {"angle": -22.5, "axis": "z", "origin": [5, 9, 8]},
			"faces": {
				"north": {"uv": [0, 0, 0, 1], "texture": "#2"},
				"east": {"uv": [5, 9, 6, 10], "texture": "#2"},
				"south": {"uv": [0, 0, 0, 1], "texture": "#2"},
				"west": {"uv": [11, 1.5, 12, 2.5], "texture": "#2"},
				"up": {"uv": [0, 1, 0, 0], "texture": "#2"},
				"down": {"uv": [0, 0, 0, 1], "texture": "#2"}
			}
		},
		{
			"from": [5.76761, 10.84313, 7],
			"to": [7.76761, 10.84313, 9],
			"rotation": {"angle": 22.5, "axis": "z", "origin": [5.76537, 10.84776, 7]},
			"faces": {
				"north": {"uv": [0, 0, 1, 0], "texture": "#2"},
				"east": {"uv": [0, 0, 1, 0], "texture": "#2"},
				"south": {"uv": [0, 0, 1, 0], "texture": "#2"},
				"west": {"uv": [0, 0, 1, 0], "texture": "#2"},
				"up": {"uv": [12, 3.5, 11, 2.5], "texture": "#2"},
				"down": {"uv": [4, 11, 3, 12], "texture": "#2"}
			}
		},
		{
			"from": [8.4, 9.72, 6],
			"to": [8.4, 11.72, 8],
			"rotation": {"angle": 22.5, "axis": "z", "origin": [8.3, 9.7, 6]},
			"faces": {
				"north": {"uv": [0, 0, 0, 1], "texture": "#2"},
				"east": {"uv": [11, 3.5, 12, 4.5], "texture": "#2"},
				"south": {"uv": [0, 0, 0, 1], "texture": "#2"},
				"west": {"uv": [4, 11, 5, 12], "texture": "#2"},
				"up": {"uv": [0, 1, 0, 0], "texture": "#2"},
				"down": {"uv": [0, 0, 0, 1], "texture": "#2"}
			}
		}
	],
	"groups": [
		{
			"name": "TurretRoot",
			"origin": [8, 4, 8],
			"color": 0,
			"children": [0, 1, 2, 3, 4, 5, 6]
		}
	]
}