{
	"credit": "Made with Blockbench",
	"texture_size": [32, 32],
	"textures": {
		"0": "item/tank_body_blue"
	},
	"elements": [
		{
			"from": [6, 1, 3],
			"to": [10, 3, 6],
			"rotation": {"angle": 0, "axis": "y", "origin": [9, 1, 4]},
			"faces": {
				"north": {"uv": [7, 5, 9, 6], "texture": "#0"},
				"east": {"uv": [9.5, 2.5, 11, 3.5], "texture": "#0"},
				"south": {"uv": [8.5, 6, 10.5, 7], "texture": "#0"},
				"west": {"uv": [0, 10, 1.5, 11], "texture": "#0"},
				"up": {"uv": [5, 8.5, 3, 7], "texture": "#0"},
				"down": {"uv": [9, 3.5, 7, 5], "texture": "#0"}
			}
		},
		{
			"from": [6, 2, 3],
			"to": [10, 3, 6],
			"rotation": {"angle": -22.5, "axis": "x", "origin": [8, 3, 3]},
			"faces": {
				"north": {"uv": [9, 5.5, 11, 6], "texture": "#0"},
				"east": {"uv": [8, 1.5, 9.5, 2], "texture": "#0"},
				"south": {"uv": [10, 0, 12, 0.5], "texture": "#0"},
				"west": {"uv": [3.5, 10, 5, 10.5], "texture": "#0"},
				"up": {"uv": [10, 1.5, 8, 0], "texture": "#0"},
				"down": {"uv": [5, 8.5, 3, 10], "texture": "#0"}
			}
		},
		{
			"from": [6, 1, 3],
			"to": [10, 2, 5],
			"rotation": {"angle": 22.5, "axis": "x", "origin": [8, 1, 3]},
			"faces": {
				"north": {"uv": [10, 0.5, 12, 1], "texture": "#0"},
				"east": {"uv": [3, 6, 4, 6.5], "texture": "#0"},
				"south": {"uv": [10, 1, 12, 1.5], "texture": "#0"},
				"west": {"uv": [3, 6.5, 4, 7], "texture": "#0"},
				"up": {"uv": [11, 8, 9, 7], "texture": "#0"},
				"down": {"uv": [10, 9, 8, 10], "texture": "#0"}
			}
		},
		{
			"from": [6, 1, 9],
			"to": [10, 2, 11],
			"rotation": {"angle": -22.5, "axis": "x", "origin": [8, 1, 11]},
			"faces": {
				"north": {"uv": [1.5, 10, 3.5, 10.5], "texture": "#0"},
				"east": {"uv": [5, 7, 6, 7.5], "texture": "#0"},
				"south": {"uv": [10, 3.5, 12, 4], "texture": "#0"},
				"west": {"uv": [10, 4, 11, 4.5], "texture": "#0"},
				"up": {"uv": [11, 9, 9, 8], "texture": "#0"},
				"down": {"uv": [11.5, 1.5, 9.5, 2.5], "texture": "#0"}
			}
		},
		{
			"from": [6, 1, 6],
			"to": [10, 4, 11],
			"rotation": {"angle": 0, "axis": "y", "origin": [7, 1, 8]},
			"faces": {
				"north": {"uv": [5, 7.5, 7, 9], "texture": "#0"},
				"east": {"uv": [6, 6, 8.5, 7.5], "texture": "#0"},
				"south": {"uv": [7, 7.5, 9, 9], "texture": "#0"},
				"west": {"uv": [7, 2, 9.5, 3.5], "texture": "#0"},
				"up": {"uv": [6, 4.5, 4, 2], "texture": "#0"},
				"down": {"uv": [6, 4.5, 4, 7], "texture": "#0"}
			}
		},
		{
			"from": [4, 0, 3],
			"to": [6, 4, 11],
			"rotation": {"angle": 0, "axis": "y", "origin": [5, 0, 4]},
			"faces": {
				"north": {"uv": [9, 3.5, 10, 5.5], "texture": "#0"},
				"east": {"uv": [0, 0, 4, 2], "texture": "#0"},
				"south": {"uv": [5, 9, 6, 11], "texture": "#0"},
				"west": {"uv": [0, 2, 4, 4], "texture": "#0"},
				"up": {"uv": [1, 10, 0, 6], "texture": "#0"},
				"down": {"uv": [2, 6, 1, 10], "texture": "#0"}
			}
		},
		{
			"from": [10, 0, 3],
			"to": [12, 4, 11],
			"rotation": {"angle": 0, "axis": "y", "origin": [11, 0, 4]},
			"faces": {
				"north": {"uv": [6, 9, 7, 11], "texture": "#0"},
				"east": {"uv": [0, 4, 4, 6], "texture": "#0"},
				"south": {"uv": [7, 9, 8, 11], "texture": "#0"},
				"west": {"uv": [4, 0, 8, 2], "texture": "#0"},
				"up": {"uv": [3, 10, 2, 6], "texture": "#0"},
				"down": {"uv": [7, 2, 6, 6], "texture": "#0"}
			}
		},
		{
			"from": [6, 2, 10],
			"to": [7, 4, 11],
			"rotation": {"angle": 45, "axis": "x", "origin": [7, 2, 11]},
			"faces": {
				"north": {"uv": [10, 4.5, 10.5, 5.5], "texture": "#0"},
				"east": {"uv": [8, 10, 8.5, 11], "texture": "#0"},
				"south": {"uv": [8.5, 10, 9, 11], "texture": "#0"},
				"west": {"uv": [9, 10, 9.5, 11], "texture": "#0"},
				"up": {"uv": [9, 7.5, 8.5, 7], "texture": "#0"},
				"down": {"uv": [10.5, 9, 10, 9.5], "texture": "#0"}
			}
		},
		{
			"from": [3.8, 1.3, 8],
			"to": [5.8, 3.3, 10],
			"rotation": {"angle": 0, "axis": "y", "origin": [4, 1, 9]},
			"faces": {
				"north": {"uv": [0, 0, 1, 1], "texture": "#0"},
				"east": {"uv": [2, 15, 3, 16], "texture": "#0"},
				"south": {"uv": [0, 0, 1, 1], "texture": "#0"},
				"west": {"uv": [0, 15, 1, 16], "texture": "#0"},
				"up": {"uv": [1, 15, 2, 16], "texture": "#0"},
				"down": {"uv": [0, 0, 1, 1], "texture": "#0"}
			}
		},
		{
			"from": [3.8, 1.3, 5],
			"to": [5.8, 3.3, 7],
			"rotation": {"angle": 0, "axis": "y", "origin": [4, 1, 6]},
			"faces": {
				"north": {"uv": [0, 0, 1, 1], "texture": "#0"},
				"east": {"uv": [2, 15, 3, 16], "texture": "#0"},
				"south": {"uv": [0, 0, 1, 1], "texture": "#0"},
				"west": {"uv": [0, 15, 1, 16], "texture": "#0"},
				"up": {"uv": [1, 15, 2, 16], "texture": "#0"},
				"down": {"uv": [0, 0, 1, 1], "texture": "#0"}
			}
		},
		{
			"from": [10.2, 1.3, 5],
			"to": [12.2, 3.3, 7],
			"rotation": {"angle": 0, "axis": "y", "origin": [4, 1, 6]},
			"faces": {
				"north": {"uv": [0, 0, 1, 1], "texture": "#0"},
				"east": {"uv": [2, 15, 3, 16], "texture": "#0"},
				"south": {"uv": [0, 0, 1, 1], "texture": "#0"},
				"west": {"uv": [0, 15, 1, 16], "texture": "#0"},
				"up": {"uv": [1, 15, 2, 16], "texture": "#0"},
				"down": {"uv": [0, 0, 1, 1], "texture": "#0"}
			}
		},
		{
			"from": [10.2, 1.3, 8],
			"to": [12.2, 3.3, 10],
			"rotation": {"angle": 0, "axis": "y", "origin": [4, 1, 9]},
			"faces": {
				"north": {"uv": [0, 0, 1, 1], "texture": "#0"},
				"east": {"uv": [2, 15, 3, 16], "texture": "#0"},
				"south": {"uv": [0, 0, 1, 1], "texture": "#0"},
				"west": {"uv": [0, 15, 1, 16], "texture": "#0"},
				"up": {"uv": [1, 15, 2, 16], "texture": "#0"},
				"down": {"uv": [0, 0, 1, 1], "texture": "#0"}
			}
		},
		{
			"from": [12, 4, 4],
			"to": [13, 4, 10],
			"rotation": {"angle": -45, "axis": "z", "origin": [12, 4, 4]},
			"faces": {
				"north": {"uv": [0, 0, 0.5, 0], "texture": "#0"},
				"east": {"uv": [0, 0, 3, 0], "texture": "#0"},
				"south": {"uv": [0, 0, 0.5, 0], "texture": "#0"},
				"west": {"uv": [0, 0, 3, 0], "texture": "#0"},
				"up": {"uv": [3.5, 13, 4, 16], "texture": "#0"},
				"down": {"uv": [3, 13, 3.5, 16], "texture": "#0"}
			}
		},
		{
			"from": [3, 4, 4],
			"to": [4, 4, 10],
			"rotation": {"angle": 45, "axis": "z", "origin": [4, 4, 4]},
			"faces": {
				"north": {"uv": [0, 0, 0.5, 0], "texture": "#0"},
				"east": {"uv": [0, 0, 3, 0], "texture": "#0"},
				"south": {"uv": [0, 0, 0.5, 0], "texture": "#0"},
				"west": {"uv": [0, 0, 3, 0], "texture": "#0"},
				"up": {"uv": [3.5, 13, 4, 16], "texture": "#0"},
				"down": {"uv": [3, 13, 3.5, 16], "texture": "#0"}
			}
		},
		{
			"from": [4.1, 3.1, 2.9],
			"to": [5.9, 3.9, 3.7],
			"rotation": {"angle": 0, "axis": "y", "origin": [5, 3, 3]},
			"faces": {
				"north": {"uv": [4, 15.5, 5, 16], "texture": "#0"},
				"east": {"uv": [4.5, 13.5, 5, 14], "texture": "#0"},
				"south": {"uv": [4, 14, 5, 14.5], "texture": "#0"},
				"west": {"uv": [4, 13.5, 4.5, 14], "texture": "#0"},
				"up": {"uv": [4, 14.5, 5, 15], "texture": "#0"},
				"down": {"uv": [4, 15, 5, 15.5], "texture": "#0"}
			}
		},
		{
			"from": [10.1, 3.1, 2.9],
			"to": [11.9, 3.9, 3.7],
			"rotation": {"angle": 0, "axis": "y", "origin": [11, 3, 3]},
			"faces": {
				"north": {"uv": [4, 14, 5, 14.5], "texture": "#0"},
				"east": {"uv": [4, 13.5, 4.5, 14], "texture": "#0"},
				"south": {"uv": [4, 15.5, 5, 16], "texture": "#0"},
				"west": {"uv": [4.5, 13.5, 5, 14], "texture": "#0"},
				"up": {"uv": [4, 14.5, 5, 15], "rotation": 180, "texture": "#0"},
				"down": {"uv": [4, 15, 5, 15.5], "rotation": 180, "texture": "#0"}
			}
		}
	]
}