{
    "tank.fire_default": {
         "sounds":[
             "tank_shoot/fire_default"
         ]
    },
    "tank.fire_minigun": {
         "sounds":[
             "tank_shoot/fire_minigun"
         ]
    },
    "tank.fire_rocket": {
         "sounds":[
             "tank_shoot/fire_rocket1",
             "tank_shoot/fire_rocket2",
             "tank_shoot/fire_rocket3"
         ]
    },
    "tank.move": {
         "sounds":[
             "tank_general/tank_move"
         ]
    }
}