{
  "parent": "minecraft:item/handheld",
  "textures": {
    "layer0": "minecraft:item/stick"
  },
  "overrides" : [
    { "predicate": { "custom_model_data": 1 }, "model": "tank_models:body/tank_body_red" },
	{"predicate": { "custom_model_data": 2 }, "model": "tank_models:body/tank_body_blue" },
	{"predicate": { "custom_model_data": 3 }, "model": "tank_models:turrets/tank_turret_red" },
	{"predicate": { "custom_model_data": 4 }, "model": "tank_models:turrets/tank_turret_blue" },
        {"predicate": { "custom_model_data": 5 }, "model": "tank_models:turrets/tank_tricannon_red" },
	{"predicate": { "custom_model_data": 6 }, "model": "tank_models:turrets/tank_tricannon_blue" },
        {"predicate": { "custom_model_data": 7 }, "model": "tank_models:turrets/tank_rocketpod_red" },
        {"predicate": { "custom_model_data": 8 }, "model": "tank_models:turrets/tank_rocketpod_blue" },
        {"predicate": { "custom_model_data": 9 }, "model": "tank_models:turrets/tank_lgmissle_red" },
        {"predicate": { "custom_model_data": 10 }, "model": "tank_models:turrets/tank_lgmissle_blue" },
        {"predicate": { "custom_model_data": 11 }, "model": "tank_models:turrets/tank_artillery_red" },
        {"predicate": { "custom_model_data": 12 }, "model": "tank_models:turrets/tank_artillery_blue" },
        {"predicate": { "custom_model_data": 13 }, "model": "tank_models:turrets/tank_deathray_red" },
        {"predicate": { "custom_model_data": 14 }, "model": "tank_models:turrets/tank_deathray_blue" },
        {"predicate": { "custom_model_data": 15 }, "model": "tank_models:turrets/tank_nanogoop_red" },
        {"predicate": { "custom_model_data": 16 }, "model": "tank_models:turrets/tank_nanogoop_blue" },
        {"predicate": { "custom_model_data": 17 }, "model": "tank_models:turrets/tank_grenade_red" },
        {"predicate": { "custom_model_data": 18 }, "model": "tank_models:turrets/tank_grenade_blue" },
        {"predicate": { "custom_model_data": 19 }, "model": "tank_models:turrets/tank_deflector_red" },
        {"predicate": { "custom_model_data": 20 }, "model": "tank_models:turrets/tank_deflector_blue" },
        {"predicate": { "custom_model_data": 21 }, "model": "tank_models:turrets/tank_minigun_red" },
        {"predicate": { "custom_model_data": 22 }, "model": "tank_models:turrets/tank_minigun_blue" },
        {"predicate": { "custom_model_data": 23 }, "model": "tank_models:turrets/tank_nanorockets_red" },
        {"predicate": { "custom_model_data": 24 }, "model": "tank_models:turrets/tank_nanorockets_blue" },
        {"predicate": { "custom_model_data": 25 }, "model": "tank_models:turrets/tank_plasma_red" },
        {"predicate": { "custom_model_data": 26 }, "model": "tank_models:turrets/tank_plasma_blue" }
  ]
}